Name,P Number,Pn Number,A Number,D L Number,age
Aditi Deshpande,808916907,SAOKQ3860H,41148603,9VPNUWM2RAGVK55,23
,,,,,
Aditi Deshpande,808916907,SAOKQ3860H,41148603,9VPNUWM2RAGVK55,34
Advait Goswami,619056762,OMLWU1738R,,GXMS475J5BMN7LU,32
Aarohi Shah,625476171,ZFXEH4465Q,-66319818,KQUBMC3LAHRMUHQ,34
Aanya Roy,970919947,IHEFK6770Q,-102142625,BOIRPUAJ1HH84R6,23
,,,,,
Aanya Roy,970919947,IHEFK6770Q,-102142625,BOIRPUAJ1HH84R6,12
Anvi Singh,798485786,AEBWE3188Q,-137965432,P0UK1A2PQU7X7QX,23
,,,,,
Anika Goswami,860853069,AEBWE3188Q,,,23
Aisha Goswami,625476171,,41148603,A3OK3LIJVBLJF7A,13
Aryan Gupta,602475985,SAOKQ3860H,,,23
Anika Shinde,743996889,EBXGZ7486Q,,,
Akash Joshi,,GANHG8413U,-352902274,,
Aryan Das,,GVSNJ8676J,-388725081,,
Amrita Gowda,616526782,,-424547888,XPHHWJ3DU395PKW,23
Anvi Reddy,,SAOKQ3860H,,PS7XYL9W63R1BTM,43
Aditi Reddy,852895799,PCRDK8631J,,,34
Aarav Das,773980617,VHFJA9958G,41148603,991CVP7Y50YLKNB,34
Anvi Choudhury,,WKKSJ9797C,,,34
Alok Sharma,355678594,PXBJD2706V,-603661923,297AGXCRHYU1ZL7,34
Advait Malhotra,786069983,FKJTZ4352U,-639484730,,32
